"","factor","average","error","metric"
"1","Microsite",0.0842014591525435,0.0405520973440594,"richness"
"2","Microsite",0.0855149417264115,0.0651102367791975,"abun"
"3","Microsite",0.293747032397582,0.0363865944651509,"rdm"
"4","Microsite",0.404557826721976,0.0314741189376485,"cov"
